state,county,county_fips
California,Los Angeles,06037
Illinois,Cook,17031
Texas,Harris,48201
Arizona,Maricopa,04013
California,San Diego,06073
California,Orange,06059
Florida,Miami-Dade,12086
New York,Kings,36047
Texas,Dallas,48113
California,Riverside,06065
New York,Queens,36081
Nevada,Clark,32003
Washington,King,53033
California,San Bernardino,06071
Texas,Tarrant,48439
Texas,Bexar,48029
Florida,Broward,12011
California,Santa Clara,06085
Michigan,Wayne,26163
California,Alameda,06001
New York,New York,36061
Massachusetts,Middlesex,25017
Pennsylvania,Philadelphia,42101
California,Sacramento,06067
New York,Suffolk,36103
Florida,Palm Beach,12099
Florida,Hillsborough,12057
New York,Bronx,36005
Florida,Orange,12095
New York,Nassau,36059
Ohio,Franklin,39049
Texas,Travis,48453
Michigan,Oakland,26125
Minnesota,Hennepin,27053
Ohio,Cuyahoga,39035
Pennsylvania,Allegheny,42003
Utah,Salt Lake,49035
California,Contra Costa,06013
Virginia,Fairfax,51059
North Carolina,Wake,37183
North Carolina,Mecklenburg,37119
Texas,Collin,48085
Georgia,Fulton,13121
Maryland,Montgomery,24031
Arizona,Pima,04019
Hawaii,Honolulu,15003
California,Fresno,06019
Missouri,St. Louis,29189
New York,Westchester,36119
Florida,Duval,12031
Connecticut,Capitol,09110
Indiana,Marion,18097
Florida,Pinellas,12103
Georgia,Gwinnett,13135
Maryland,Prince George's,24033
New Jersey,Bergen,34003
New York,Erie,36029
Wisconsin,Milwaukee,55079
Illinois,DuPage,17043
Tennessee,Shelby,47157
Washington,Pierce,53053
Texas,Denton,48121
California,Kern,06029
Michigan,Macomb,26099
Texas,Hidalgo,48215
Texas,El Paso,48141
New Jersey,Middlesex,34023
Massachusetts,Worcester,25027
Pennsylvania,Montgomery,42091
New Jersey,Essex,34013
California,San Francisco,06075
Maryland,Baltimore,24005
California,Ventura,06111
Texas,Fort Bend,48157
Washington,Snohomish,53061
Ohio,Hamilton,39061
Oregon,Multnomah,41051
Massachusetts,Essex,25009
Oklahoma,Oklahoma,40109
Massachusetts,Suffolk,25025
California,San Joaquin,06077
Kentucky,Jefferson,21111
Florida,Lee,12071
Georgia,Cobb,13067
Georgia,DeKalb,13089
New York,Monroe,36055
California,San Mateo,06081
Florida,Polk,12105
Colorado,El Paso,08041
Massachusetts,Norfolk,25021
Missouri,Jackson,29095
Illinois,Lake,17097
New Jersey,Hudson,34017
Colorado,Denver,08031
Tennessee,Davidson,47037
Illinois,Will,17197
New Mexico,Bernalillo,35001
Alabama,Jefferson,01073
District of Columbia,District of Columbia,11001
Oklahoma,Tulsa,40143
Utah,Utah,49049
Rhode Island,Providence,44007
Michigan,Kent,26081
Colorado,Arapahoe,08005
Pennsylvania,Bucks,42017
New Jersey,Monmouth,34025
New Jersey,Ocean,34029
Texas,Montgomery,48339
Connecticut,Western Connecticut,09190
Texas,Williamson,48491
Kansas,Johnson,20091
Florida,Brevard,12009
Oregon,Washington,41067
Maryland,Anne Arundel,24003
Maryland,Baltimore,24510
Nebraska,Douglas,31055
Colorado,Jefferson,08059
Massachusetts,Bristol,25005
Pennsylvania,Delaware,42045
New Jersey,Union,34039
Connecticut,South Central Connecticut,09170
Delaware,New Castle,10003
Florida,Pasco,12101
Wisconsin,Dane,55025
Florida,Volusia,12127
Pennsylvania,Lancaster,42071
California,Stanislaus,06099
Minnesota,Ramsey,27123
North Carolina,Guilford,37081
Ohio,Summit,39153
Washington,Spokane,53063
Pennsylvania,Chester,42029
Ohio,Montgomery,39113
Massachusetts,Plymouth,25023
South Carolina,Greenville,45045
Kansas,Sedgwick,20173
New Jersey,Camden,34007
Colorado,Adams,08001
New Jersey,Passaic,34031
Illinois,Kane,17089
New Jersey,Morris,34027
Washington,Clark,53011
Indiana,Lake,18089
Idaho,Ada,16001
Iowa,Polk,19153
New York,Richmond,36085
California,Sonoma,06097
Nevada,Washoe,32031
Tennessee,Knox,47093
Virginia,Prince William,51153
California,Tulare,06107
New York,Onondaga,36067
Florida,Seminole,12117
Massachusetts,Hampden,25013
New Jersey,Burlington,34005
Virginia,Virginia Beach,51810
Pennsylvania,York,42133
Louisiana,East Baton Rouge,22033
Connecticut,Naugatuck Valley,09140
California,Solano,06095
California,Santa Barbara,06083
Florida,Sarasota,12115
Minnesota,Dakota,27037
California,Monterey,06053
Louisiana,Jefferson,22051
Arizona,Pinal,04021
Ohio,Lucas,39095
Pennsylvania,Berks,42011
New Hampshire,Hillsborough,33011
Texas,Cameron,48061
Oregon,Clackamas,41005
Virginia,Loudoun,51107
South Carolina,Richland,45079
Alabama,Mobile,01097
South Carolina,Charleston,45019
Wisconsin,Waukesha,55133
California,Placer,06061
Missouri,St. Charles,29183
Michigan,Genesee,26049
Florida,Manatee,12081
New York,Orange,36071
Arkansas,Pulaski,05119
Florida,Osceola,12097
Alabama,Madison,01089
Ohio,Butler,39017
Florida,Lake,12069
Indiana,Allen,18003
North Carolina,Forsyth,37067
New Jersey,Mercer,34021
Oregon,Lane,41039
Louisiana,Orleans,22071
Florida,Collier,12021
Florida,Marion,12083
Texas,Brazoria,48039
Ohio,Stark,39151
Pennsylvania,Lehigh,42077
Texas,Bell,48027
Michigan,Washtenaw,26161
Tennessee,Hamilton,47065
Virginia,Chesterfield,51041
Minnesota,Anoka,27003
Utah,Davis,49011
Colorado,Douglas,08035
Colorado,Larimer,08069
South Carolina,Horry,45051
Pennsylvania,Westmoreland,42129
Texas,Nueces,48355
Texas,Galveston,48167
Indiana,Hamilton,18057
Oregon,Marion,41047
New Jersey,Somerset,34035
Tennessee,Rutherford,47149
New York,Rockland,36087
North Carolina,Cumberland,37051
Florida,St. Lucie,12111
Virginia,Henrico,51087
Maryland,Howard,24027
Colorado,Weld,08123
South Carolina,Spartanburg,45083
Colorado,Boulder,08013
Connecticut,Greater Bridgeport,09120
Pennsylvania,Luzerne,42079
North Carolina,Durham,37063
Nebraska,Lancaster,31109
Florida,Escambia,12033
Kentucky,Fayette,21067
New Hampshire,Rockingham,33015
New York,Albany,36001
Pennsylvania,Northampton,42095
Ohio,Lorain,39093
Texas,Lubbock,48303
Illinois,McHenry,17111
Maine,Cumberland,23005
New Jersey,Gloucester,34015
Missouri,Greene,29077
Missouri,St. Louis,29510
New York,Dutchess,36027
Georgia,Clayton,13063
Georgia,Chatham,13051
Michigan,Ottawa,26139
South Carolina,Lexington,45063
Oklahoma,Cleveland,40027
Washington,Thurston,53067
Florida,Leon,12073
Alaska,Anchorage,02020
Arkansas,Benton,05007
Pennsylvania,Dauphin,42043
Illinois,Winnebago,17201
South Carolina,York,45091
Michigan,Ingham,26065
California,Merced,06047
California,San Luis Obispo,06079
Connecticut,Southeastern Connecticut,09180
Florida,Alachua,12001
Florida,St. Johns,12109
Washington,Kitsap,53035
New Jersey,Atlantic,34001
Maryland,Frederick,24021
Indiana,St. Joseph,18141
Pennsylvania,Erie,42049
North Carolina,Buncombe,37021
Minnesota,Washington,27163
California,Santa Cruz,06087
Georgia,Cherokee,13057
Wisconsin,Brown,55009
Texas,Webb,48479
Louisiana,St. Tammany,22103
Illinois,Madison,17119
Utah,Weber,49057
Michigan,Kalamazoo,26077
Pennsylvania,Cumberland,42041
Texas,McLennan,48309
Maryland,Harford,24025
California,Marin,06041
Illinois,St. Clair,17163
Washington,Yakima,53077
Texas,Jefferson,48245
Georgia,Forsyth,13117
Missouri,Clay,29047
Virginia,Chesapeake,51550
Tennessee,Williamson,47187
Arkansas,Washington,05143
Texas,Hays,48209
Ohio,Warren,39165
Louisiana,Lafayette,22055
Georgia,Henry,13151
Delaware,Sussex,10005
North Carolina,Union,37179
Arizona,Yavapai,04025
Virginia,Norfolk,51710
New York,Saratoga,36091
Louisiana,Caddo,22017
Virginia,Arlington,51013
Idaho,Canyon,16027
Texas,Smith,48423
Texas,Brazos,48041
Alabama,Baldwin,01003
Ohio,Lake,39085
Alabama,Tuscaloosa,01125
South Carolina,Berkeley,45015
New York,Oneida,36065
Massachusetts,Barnstable,25001
Iowa,Linn,19113
North Carolina,Gaston,37071
North Carolina,New Hanover,37129
Alabama,Montgomery,01101
Ohio,Mahoning,39099
Virginia,Richmond,51760
Missouri,Jefferson,29099
Mississippi,Hinds,28049
Washington,Whatcom,53073
North Carolina,Cabarrus,37025
Alabama,Shelby,01117
Oregon,Jackson,41029
Tennessee,Montgomery,47125
New Mexico,Do√±a Ana,35013
Florida,Clay,12019
North Carolina,Johnston,37101
California,Yolo,06113
Ohio,Delaware,39041
Pennsylvania,Lackawanna,42069
Arizona,Mohave,04015
California,Butte,06007
Maine,York,23031
New York,Niagara,36063
Florida,Okaloosa,12091
Louisiana,Calcasieu,22019
Pennsylvania,Washington,42125
Ohio,Clermont,39025
Mississippi,Harrison,28047
Washington,Benton,53005
Indiana,Elkhart,18039
Illinois,Champaign,17019
Georgia,Richmond,13245
Georgia,Hall,13139
South Carolina,Anderson,45007
Georgia,Muscogee,13215
Arizona,Yuma,04027
North Carolina,Onslow,37133
Hawaii,Hawaii,15001
Ohio,Trumbull,39155
Minnesota,St. Louis,27137
Oregon,Deschutes,41017
New York,Broome,36007
South Dakota,Minnehaha,46099
Wisconsin,Racine,55101
Tennessee,Sumner,47165
Florida,Hernando,12053
Illinois,Sangamon,17167
Texas,Ellis,48139
Pennsylvania,Butler,42019
Michigan,Livingston,26093
California,El Dorado,06017
Nebraska,Sarpy,31153
Wisconsin,Outagamie,55087
Florida,Charlotte,12015
Michigan,Saginaw,26145
South Carolina,Beaufort,45013
Florida,Santa Rosa,12113
North Carolina,Iredell,37097
Indiana,Tippecanoe,18157
North Dakota,Cass,38017
Mississippi,DeSoto,28033
Virginia,Newport News,51700
Missouri,Boone,29019
Utah,Washington,49053
Texas,Johnson,48251
Delaware,Kent,10001
Ohio,Medina,39103
New York,Ulster,36111
California,Shasta,06089
Illinois,Peoria,17143
Florida,Bay,12005
Indiana,Vanderburgh,18163
West Virginia,Kanawha,54039
California,Imperial,06025
Ohio,Licking,39089
Kansas,Shawnee,20177
Michigan,Muskegon,26121
Indiana,Hendricks,18063
Connecticut,Lower Connecticut River Valley,09130
Alabama,Lee,01081
Iowa,Scott,19163
Texas,Guadalupe,48187
Idaho,Kootenai,16055
Indiana,Porter,18127
Maryland,Carroll,24013
North Carolina,Alamance,37001
Illinois,McLean,17113
Wisconsin,Winnebago,55139
North Carolina,Pitt,37147
Rhode Island,Kent,44003
Georgia,Paulding,13223
South Carolina,Aiken,45003
North Carolina,Davidson,37057
Texas,Midland,48329
Kentucky,Kenton,21117
Wisconsin,Kenosha,55059
Vermont,Chittenden,50007
Colorado,Pueblo,08101
Pennsylvania,Monroe,42089
Kansas,Wyandotte,20209
Pennsylvania,Beaver,42007
Ohio,Greene,39057
Maryland,Charles,24017
Montana,Yellowstone,30111
Texas,Comal,48091
Hawaii,Maui,15009
Georgia,Houston,13153
Wisconsin,Rock,55105
Minnesota,Olmsted,27109
Texas,Ector,48135
South Carolina,Dorchester,45035
Indiana,Johnson,18081
Ohio,Portage,39133
North Carolina,Catawba,37035
Florida,Indian River,12061
New York,Rensselaer,36083
Michigan,Jackson,26075
Michigan,St. Clair,26147
Louisiana,Ouachita,22073
New York,Schenectady,36093
Florida,Martin,12085
Ohio,Fairfield,39045
Tennessee,Sullivan,47163
Pennsylvania,Centre,42027
Minnesota,Stearns,27145
Virginia,Stafford,51179
Virginia,Alexandria,51510
California,Madera,06039
Mississippi,Rankin,28121
Georgia,Columbia,13073
Oklahoma,Canadian,40017
Georgia,Bibb,13021
Colorado,Mesa,08077
Pennsylvania,Franklin,42055
Florida,Citrus,12017
Michigan,Monroe,26115
Maryland,Washington,24043
New Mexico,Santa Fe,35049
Michigan,Berrien,26021
Massachusetts,Hampshire,25015
New Hampshire,Merrimack,33013
New Jersey,Cumberland,34011
Iowa,Johnson,19103
Maine,Penobscot,23019
California,Kings,06031
Minnesota,Scott,27139
Texas,Parker,48367
Texas,Kaufman,48257
New Mexico,Sandoval,35043
Tennessee,Wilson,47189
Georgia,Coweta,13077
North Carolina,Rowan,37159
North Carolina,Orange,37135
New Jersey,Sussex,34037
Georgia,Douglas,13097
Arizona,Coconino,04005
North Carolina,Randolph,37151
Illinois,Rock Island,17161
Mississippi,Jackson,28059
Louisiana,Livingston,22063
Pennsylvania,Lebanon,42075
Pennsylvania,Schuylkill,42107
Texas,Taylor,48441
Minnesota,Wright,27171
Texas,Randall,48381
Virginia,Spotsylvania,51177
Indiana,Monroe,18105
North Carolina,Brunswick,37019
Wisconsin,Marathon,55073
California,Napa,06055
Virginia,Hampton,51650
South Carolina,Florence,45041
Texas,Grayson,48181
Wisconsin,Washington,55131
Kentucky,Boone,21015
California,Humboldt,06023
Tennessee,Blount,47009
Ohio,Clark,39023
Kentucky,Warren,21227
North Carolina,Harnett,37085
Utah,Cache,49005
Michigan,Calhoun,26025
Louisiana,Tangipahoa,22105
Tennessee,Washington,47179
Pennsylvania,Cambria,42021
Illinois,Kendall,17093
Florida,Sumter,12119
Ohio,Wood,39173
Illinois,Tazewell,17179
South Carolina,Pickens,45077
Iowa,Black Hawk,19013
New Hampshire,Strafford,33017
Indiana,Madison,18095
Rhode Island,Washington,44009
Texas,Wichita,48485
Louisiana,Rapides,22079
Washington,Skagit,53057
New Jersey,Hunterdon,34019
Louisiana,Bossier,22015
Georgia,Clarke,13059
Massachusetts,Berkshire,25003
Oregon,Linn,41043
Pennsylvania,Fayette,42051
Arkansas,Sebastian,05131
New York,Chautauqua,36013
Louisiana,Ascension,22005
Arizona,Cochise,04003
Ohio,Richland,39139
Arkansas,Faulkner,05045
Idaho,Bonneville,16019
Texas,Gregg,48183
Maine,Kennebec,23011
Arkansas,Saline,05125
West Virginia,Berkeley,54003
Alabama,Morgan,01103
Missouri,Jasper,29097
Pennsylvania,Blair,42013
New Mexico,San Juan,35045
Oklahoma,Comanche,40031
Indiana,Clark,18019
Wisconsin,La Crosse,55063
Michigan,Allegan,26005
Georgia,Carroll,13045
Montana,Gallatin,30031
Texas,Tom Green,48451
Georgia,Fayette,13113
Kansas,Douglas,20045
Montana,Missoula,30063
Georgia,Lowndes,13185
New York,Oswego,36075
Texas,Potter,48375
Wisconsin,Sheboygan,55117
North Carolina,Robeson,37155
Florida,Flagler,12035
North Carolina,Wayne,37191
New York,Jefferson,36045
Ohio,Wayne,39169
North Carolina,Henderson,37089
Alabama,Calhoun,01015
Pennsylvania,Lycoming,42081
Maryland,St. Mary's,24037
Georgia,Newton,13217
Connecticut,Northwest Hills,09160
Virginia,Albemarle,51003
New York,Ontario,36069
Indiana,LaPorte,18091
Indiana,Delaware,18035
Maine,Androscoggin,23001
Oregon,Douglas,41019
Arkansas,Craighead,05031
Kentucky,Hardin,21093
Texas,Rockwall,48397
Washington,Cowlitz,53015
Pennsylvania,Mercer,42085
Virginia,Hanover,51085
South Dakota,Pennington,46103
New Jersey,Warren,34041
Illinois,LaSalle,17099
Georgia,Bartow,13015
Mississippi,Madison,28089
Michigan,Eaton,26045
Louisiana,Terrebonne,22109
Tennessee,Bradley,47011
Ohio,Miami,39109
New York,St. Lawrence,36089
Alaska,Matanuska-Susitna,02170
Missouri,Cass,29037
Oregon,Yamhill,41071
Illinois,Kankakee,17091
Minnesota,Carver,27019
Arizona,Navajo,04017
Alabama,Houston,01069
Missouri,Platte,29165
Indiana,Vigo,18167
West Virginia,Monongalia,54061
Montana,Flathead,30029
Wisconsin,Eau Claire,55035
Iowa,Woodbury,19193
South Carolina,Sumter,45085
Wisconsin,Walworth,55127
Missouri,Franklin,29071
Pennsylvania,Adams,42001
Alabama,Limestone,01083
Wisconsin,Fond du Lac,55039
Maryland,Cecil,24015
Maryland,Wicomico,24045
Michigan,Bay,26017
Illinois,Macon,17115
Alabama,Etowah,01055
Georgia,Whitfield,13313
Kentucky,Daviess,21059
New York,Tompkins,36109
Florida,Highlands,12055
California,Nevada,06057
Ohio,Allen,39003
Tennessee,Maury,47119
Ohio,Columbiana,39029
Texas,Hunt,48231
North Carolina,Craven,37049
North Carolina,Moore,37125
Illinois,DeKalb,17037
Iowa,Dallas,19049
Wyoming,Laramie,56021
Arkansas,Garland,05051
North Carolina,Cleveland,37045
Virginia,Montgomery,51121
Michigan,Lenawee,26091
Virginia,Roanoke,51770
Washington,Grant,53025
California,Sutter,06101
Iowa,Dubuque,19061
Tennessee,Madison,47113
Iowa,Story,19169
Georgia,Floyd,13115
Tennessee,Sevier,47155
North Dakota,Burleigh,38015
Texas,Bastrop,48021
New York,Putnam,36079
Alabama,Marshall,01095
Minnesota,Sherburne,27141
Georgia,Walton,13297
Ohio,Ashtabula,39007
South Carolina,Lancaster,45057
Virginia,Portsmouth,51740
Louisiana,Lafourche,22057
Washington,Franklin,53021
Virginia,Roanoke,51161
Alaska,Fairbanks North Star,02090
Oklahoma,Rogers,40131
Connecticut,Northeastern Connecticut,09150
Oregon,Benton,41003
New Jersey,Cape May,34009
Ohio,Geauga,39055
Michigan,Grand Traverse,26055
North Carolina,Nash,37127
Virginia,Suffolk,51800
Alabama,Lauderdale,01077
West Virginia,Cabell,54011
Wisconsin,St. Croix,55109
Georgia,Rockdale,13247
New York,Steuben,36101
Iowa,Pottawattamie,19155
Texas,Liberty,48291
Maryland,Calvert,24009
Kentucky,Campbell,21037
Kentucky,Madison,21151
Ohio,Tuscarawas,39157
Texas,Bowie,48037
Virginia,Frederick,51069
Wisconsin,Ozaukee,55089
Alabama,St. Clair,01115
Florida,Nassau,12089
Pennsylvania,Northumberland,42097
New York,Wayne,36117
Texas,Victoria,48469
North Carolina,Rockingham,37157
California,Mendocino,06045
New Hampshire,Grafton,33009
Idaho,Twin Falls,16083
Missouri,Christian,29043
Wisconsin,Dodge,55027
Michigan,Lapeer,26087
Alabama,Cullman,01043
Oregon,Josephine,41033
North Carolina,Lincoln,37109
North Carolina,Burke,37023
Alabama,Elmore,01051
Oregon,Polk,41053
Idaho,Bannock,16005
Texas,Angelina,48005
Washington,Island,53029
Ohio,Muskingum,39119
Wisconsin,Jefferson,55055
Pennsylvania,Lawrence,42073
Rhode Island,Newport,44005
Georgia,Dougherty,13095
Texas,Orange,48361
Georgia,Glynn,13127
Missouri,Buchanan,29021
Montana,Cascade,30013
Georgia,Barrow,13013
West Virginia,Wood,54107
South Carolina,Orangeburg,45075
Virginia,Rockingham,51165
Pennsylvania,Crawford,42039
New York,Chemung,36015
Michigan,Midland,26111
Indiana,Howard,18067
Pennsylvania,Indiana,42063
Mississippi,Lee,28081
Texas,Coryell,48099
Washington,Lewis,53041
Texas,Henderson,48213
Louisiana,St. Landry,22097
Kentucky,Bullitt,21029
Indiana,Bartholomew,18005
Oklahoma,Wagoner,40145
Oklahoma,Payne,40119
Kansas,Leavenworth,20103
Florida,Monroe,12087
California,Yuba,06115
Missouri,Cape Girardeau,29031
Wisconsin,Manitowoc,55071
Alabama,Talladega,01121
North Carolina,Caldwell,37027
Indiana,Kosciusko,18085
Indiana,Floyd,18043
Indiana,Hancock,18059
Tennessee,Putnam,47141
Oregon,Umatilla,41059
New York,Clinton,36019
Georgia,Bulloch,13031
Virginia,Bedford,51019
Pennsylvania,Clearfield,42033
Wyoming,Natrona,56025
Michigan,Clinton,26037
Virginia,Lynchburg,51680
Washington,Chelan,53007
Virginia,James City,51095
South Carolina,Oconee,45073
New York,Sullivan,36105
North Carolina,Wilson,37195
Mississippi,Forrest,28035
Virginia,Augusta,51015
Tennessee,Anderson,47001
Washington,Clallam,53009
Texas,Walker,48471
Arkansas,White,05145
Georgia,Jackson,13157
New York,Cattaraugus,36009
Ohio,Ross,39141
Missouri,Cole,29051
North Carolina,Chatham,37037
Florida,Walton,12131
New Mexico,Valencia,35061
New Hampshire,Cheshire,33005
New York,Cayuga,36011
Washington,Grays Harbor,53027
Michigan,Van Buren,26159
Ohio,Erie,39043
Ohio,Hancock,39063
West Virginia,Raleigh,54081
Arkansas,Lonoke,05085
Wisconsin,Wood,55141
Illinois,Vermilion,17183
Utah,Tooele,49045
Colorado,Broomfield,08014
Pennsylvania,Somerset,42111
Ohio,Scioto,39145
Florida,Putnam,12107
Hawaii,Kauai,15007
Tennessee,Robertson,47147
Virginia,Fauquier,51061
New Mexico,Lea,35025
North Dakota,Grand Forks,38035
Kentucky,Christian,21047
Mississippi,Lauderdale,28075
Oklahoma,Pottawatomie,40125
Kansas,Riley,20161
Oklahoma,Creek,40037
New Mexico,McKinley,35031
Indiana,Morgan,18109
Alabama,DeKalb,01049
Montana,Lewis and Clark,30049
North Carolina,Surry,37171
Indiana,Boone,18011
Massachusetts,Franklin,25011
Tennessee,Greene,47059
Wisconsin,Portage,55097
Virginia,York,51199
Texas,Wise,48497
Louisiana,Iberia,22045
Florida,Columbia,12023
North Carolina,Franklin,37069
North Dakota,Ward,38101
Georgia,Troup,13285
Oregon,Klamath,41035
South Carolina,Greenwood,45047
Texas,Harrison,48203
Minnesota,Blue Earth,27013
Texas,San Patricio,48409
North Carolina,Carteret,37031
Maryland,Allegany,24001
Michigan,Shiawassee,26155
Georgia,Walker,13295
Georgia,Catoosa,13047
California,Lake,06033
New York,Madison,36053
Kentucky,Oldham,21185
New Mexico,Otero,35035
Kansas,Butler,20015
Kentucky,McCracken,21145
South Carolina,Laurens,45059
Georgia,Spalding,13255
Maine,Aroostook,23003
Minnesota,Rice,27131
Mississippi,Jones,28067
Illinois,Williamson,17199
Arkansas,Jefferson,05069
Michigan,Montcalm,26117
Missouri,St. Francois,29187
Michigan,Ionia,26067
Oklahoma,Muskogee,40101
Indiana,Grant,18053
Minnesota,Crow Wing,27035
Ohio,Belmont,39013
Indiana,Wayne,18177
Michigan,Marquette,26103
Wisconsin,Chippewa,55017
North Carolina,Wilkes,37193
Arizona,Apache,04001
Washington,Mason,53045
West Virginia,Harrison,54033
South Dakota,Lincoln,46083
South Carolina,Kershaw,45055
Texas,Starr,48427
New York,Warren,36113
Wisconsin,Sauk,55111
Illinois,Adams,17001
Georgia,Liberty,13179
Pennsylvania,Armstrong,42005
California,Tehama,06103
Ohio,Marion,39101
Georgia,Effingham,13103
Minnesota,Clay,27027
Ohio,Jefferson,39081
Kentucky,Pulaski,21199
Pennsylvania,Carbon,42025
Alabama,Walker,01127
Michigan,Isabella,26073
Pennsylvania,Columbia,42037
Oregon,Coos,41011
New Jersey,Salem,34033
Texas,Nacogdoches,48347
California,San Benito,06069
New Mexico,Chaves,35005
North Carolina,Rutherford,37161
Tennessee,Hamblen,47063
Mississippi,Lamar,28073
Indiana,Warrick,18173
New Hampshire,Belknap,33001
South Carolina,Georgetown,45043
North Carolina,Lee,37105
Arkansas,Pope,05115
Ohio,Union,39159
South Carolina,Darlington,45031
North Carolina,Stanly,37167
Ohio,Knox,39083
Michigan,Barry,26015
Nebraska,Hall,31079
Texas,Hood,48221
Oklahoma,Garfield,40047
Kentucky,Laurel,21125
North Carolina,Haywood,37087
Washington,Walla Walla,53071
New York,Livingston,36051
Kansas,Reno,20155
Colorado,Garfield,08045
North Carolina,Pender,37141
Tennessee,Cumberland,47035
New York,Columbia,36021
New York,Washington,36115
Ohio,Athens,39009
New Mexico,Eddy,35015
North Carolina,Granville,37077
Tennessee,Tipton,47167
Michigan,St. Joseph,26149
Arkansas,Crawford,05033
Vermont,Rutland,50021
Virginia,Pittsylvania,51143
New York,Herkimer,36043
Missouri,Lincoln,29113
Pennsylvania,Bradford,42015
Minnesota,Otter Tail,27111
Texas,Van Zandt,48467
Vermont,Washington,50023
New York,Otsego,36077
Ohio,Washington,39167
West Virginia,Mercer,54055
Nevada,Lyon,32019
North Carolina,Sampson,37163
Alaska,Kenai Peninsula,02122
Alabama,Blount,01009
Missouri,Newton,29145
Pennsylvania,Pike,42103
Ohio,Sandusky,39143
Alabama,Russell,01113
Ohio,Pickaway,39129
Alabama,Autauga,01001
Mississippi,Lowndes,28087
Ohio,Huron,39077
Utah,Box Elder,49003
Maine,Oxford,23017
Wisconsin,Columbia,55021
Nevada,Carson City,32510
New York,Genesee,36037
Kentucky,Pike,21195
Tennessee,Coffee,47031
Texas,Anderson,48001
Utah,Iron,49021
West Virginia,Jefferson,54037
Ohio,Lawrence,39087
Vermont,Windsor,50027
Texas,Maverick,48323
Georgia,Gordon,13129
Louisiana,Acadia,22001
Texas,Waller,48473
West Virginia,Putnam,54079
Kentucky,Scott,21209
Alabama,Colbert,01033
Louisiana,Vermilion,22113
Tennessee,Hawkins,47073
Minnesota,Chisago,27025
Texas,Hardin,48199
Mississippi,Pearl River,28109
Tennessee,Carter,47019
Missouri,Taney,29213
South Carolina,Cherokee,45021
West Virginia,Marion,54049
Mississippi,Lafayette,28071
Colorado,La Plata,08067
Maine,Hancock,23009
Colorado,Eagle,08037
Illinois,Whiteside,17195
Virginia,Campbell,51031
Tennessee,Loudon,47105
Oklahoma,Grady,40051
Georgia,Camden,13039
North Carolina,Lenoir,37107
Ohio,Seneca,39147
Tennessee,Jefferson,47089
California,Tuolumne,06109
Virginia,Franklin,51067
Tennessee,Dickson,47043
North Carolina,Watauga,37189
Kansas,Saline,20169
Missouri,Johnson,29101
Virginia,Washington,51191
Tennessee,Roane,47145
Missouri,Pulaski,29169
Nevada,Elko,32007
Alabama,Coffee,01031
Tennessee,McMinn,47107
Illinois,Boone,17007
Arizona,Gila,04007
Kentucky,Jessamine,21113
New York,Fulton,36035
Michigan,Tuscola,26157
Illinois,Jackson,17077
Oregon,Columbia,41009
Texas,Navarro,48349
Maryland,Worcester,24047
Virginia,Culpeper,51047
Texas,Kerr,48265
Texas,Rusk,48401
Iowa,Warren,19181
Illinois,Grundy,17063
Alabama,Jackson,01071
North Carolina,Hoke,37093
Oklahoma,Washington,40147
Ohio,Ashland,39005
Idaho,Madison,16065
Wisconsin,Calumet,55015
Louisiana,St. Charles,22089
Louisiana,St. Martin,22099
Wisconsin,Grant,55043
Wisconsin,Waupaca,55135
Virginia,Harrisonburg,51660
Ohio,Darke,39037
Nevada,Nye,32023
Illinois,Ogle,17141
Michigan,Cass,26027
Kentucky,Franklin,21073
Texas,Medina,48325
Mississippi,Oktibbeha,28105
Pennsylvania,Wayne,42127
North Carolina,Columbus,37047
Texas,Cherokee,48073
Virginia,Henry,51089
Indiana,Dearborn,18029
New Hampshire,Carroll,33003
Rhode Island,Bristol,44001
Maine,Somerset,23025
Texas,Polk,48373
Tennessee,Bedford,47003
Pennsylvania,Venango,42121
Tennessee,Gibson,47053
Texas,Wilson,48493
Oregon,Lincoln,41041
Maryland,Queen Anne's,24035
Texas,Lamar,48277
Michigan,Newaygo,26123
Nebraska,Buffalo,31019
Vermont,Franklin,50011
Oklahoma,Logan,40083
Minnesota,Winona,27169
Illinois,Knox,17095
Texas,Burnet,48053
New York,Montgomery,36057
Nevada,Douglas,32005
Alabama,Dale,01045
Georgia,Laurens,13175
Texas,Atascosa,48013
North Carolina,Duplin,37061
Illinois,Henry,17073
Louisiana,St. Mary,22101
Colorado,Fremont,08043
North Carolina,Edgecombe,37065
Indiana,Henry,18065
North Carolina,Halifax,37083
Oklahoma,Le Flore,40079
Louisiana,Vernon,22115
New York,Tioga,36107
New Mexico,Curry,35009
Louisiana,Lincoln,22061
Idaho,Bingham,16011
Kentucky,Boyd,21019
Oklahoma,Carter,40019
Ohio,Shelby,39149
Kentucky,Shelby,21211
New York,Greene,36039
Idaho,Bonner,16017
Arkansas,Crittenden,05035
Arizona,Santa Cruz,04023
Florida,Jackson,12063
Minnesota,Goodhue,27049
Texas,Val Verde,48465
Pennsylvania,Bedford,42009
New York,Franklin,36033
Indiana,Noble,18113
Oklahoma,Cherokee,40021
New York,Allegany,36003
Washington,Whitman,53075
New York,Chenango,36017
Illinois,Coles,17029
Texas,Chambers,48071
Wyoming,Campbell,56005
Kentucky,Nelson,21179
Washington,Stevens,53065
New York,Cortland,36023
Wisconsin,Barron,55005
Oklahoma,Bryan,40013
Tennessee,Monroe,47123
Iowa,Clinton,19045
Georgia,Habersham,13137
Virginia,Charlottesville,51540
Minnesota,Beltrami,27007
Ohio,Auglaize,39011
Indiana,Jackson,18071
Indiana,Marshall,18099
Wisconsin,Monroe,55081
Pennsylvania,Mifflin,42087
Texas,Caldwell,48055
Ohio,Logan,39091
Mississippi,Hancock,28045
Oklahoma,Osage,40113
Arkansas,Greene,05055
Pennsylvania,Perry,42099
Vermont,Windham,50025
Georgia,Colquitt,13071
Michigan,Hillsdale,26059
California,Calaveras,06009
Georgia,Thomas,13275
Louisiana,Washington,22117
Texas,Kendall,48259
Texas,Wood,48499
Kentucky,Hopkins,21107
Wisconsin,Dunn,55033
Alabama,Chilton,01021
Wisconsin,Polk,55095
Indiana,Lawrence,18093
Minnesota,Itasca,27061
Georgia,Bryan,13029
Indiana,Shelby,18145
Illinois,Macoupin,17117
Montana,Ravalli,30081
Missouri,Phelps,29161
Michigan,Branch,26023
Kentucky,Henderson,21101
North Carolina,Beaufort,37013
North Carolina,Stokes,37169
New York,Delaware,36025
North Carolina,McDowell,37111
Mississippi,Washington,28151
Missouri,Callaway,29027
Kentucky,Barren,21009
Illinois,Stephenson,17177
Washington,Kittitas,53037
Tennessee,Lawrence,47099
Mississippi,Warren,28149
Virginia,Shenandoah,51171
Pennsylvania,Jefferson,42065
Ohio,Holmes,39075
Pennsylvania,Huntingdon,42061
Wisconsin,Douglas,55031
California,Siskiyou,06093
Louisiana,St. Bernard,22087
Ohio,Madison,39097
Florida,Suwannee,12121
Oklahoma,Kay,40071
Georgia,Baldwin,13009
Oklahoma,Pittsburg,40121
Florida,Gadsden,12039
Ohio,Brown,39015
Minnesota,Kandiyohi,27067
Indiana,Dubois,18037
South Carolina,Chesterfield,45025
New Hampshire,Sullivan,33019
Indiana,DeKalb,18033
Ohio,Highland,39071
Florida,Levy,12075
Missouri,Camden,29029
Washington,Douglas,53017
North Carolina,Richmond,37153
Oklahoma,Stephens,40137
Missouri,Pettis,29159
Georgia,Coffee,13069
North Carolina,Davie,37059
Georgia,Polk,13233
Tennessee,Franklin,47051
Iowa,Cerro Gordo,19033
Iowa,Muscatine,19139
Pennsylvania,Union,42119
Colorado,Montrose,08085
Texas,Erath,48143
Arkansas,Miller,05091
Virginia,Prince George,51149
Virginia,Manassas,51683
Ohio,Fulton,39051
Utah,Summit,49043
Virginia,Danville,51590
North Carolina,Vance,37181
Oklahoma,McClain,40087
North Carolina,Jackson,37099
Washington,Okanogan,53047
Ohio,Mercer,39107
Missouri,Butler,29023
Tennessee,Fayette,47047
West Virginia,Ohio,54069
Idaho,Nez Perce,16069
Wisconsin,Pierce,55093
Wyoming,Sweetwater,56037
Ohio,Clinton,39027
Louisiana,St. John the Baptist,22095
Georgia,Oconee,13219
Ohio,Crawford,39033
Texas,Cooke,48097
Wisconsin,Marinette,55075
Arkansas,Baxter,05005
Texas,Wharton,48481
Michigan,Gratiot,26057
Minnesota,Benton,27009
Texas,Upshur,48459
Minnesota,Isanti,27059
Alabama,Tallapoosa,01123
Georgia,Tift,13277
Oregon,Clatsop,41007
Pennsylvania,Tioga,42117
Tennessee,Cheatham,47021
Tennessee,Warren,47177
Ohio,Preble,39135
Wisconsin,Shawano,55115
Virginia,Warren,51187
Oklahoma,Delaware,40041
Michigan,Sanilac,26151
Maine,Knox,23013
California,Amador,06005
West Virginia,Fayette,54019
Pennsylvania,McKean,42083
North Carolina,Pasquotank,37139
Virginia,Tazewell,51185
Ohio,Ottawa,39123
Indiana,LaGrange,18087
Arkansas,Mississippi,05093
New York,Wyoming,36121
New Mexico,Rio Arriba,35039
New York,Orleans,36073
Michigan,Mecosta,26107
Mississippi,Pike,28113
Minnesota,Mower,27099
Georgia,Murray,13213
Iowa,Marshall,19127
Missouri,Howell,29091
Florida,Hendry,12051
Idaho,Latah,16057
Florida,Okeechobee,12093
Pennsylvania,Snyder,42109
Maine,Waldo,23027
Indiana,Harrison,18061
Oklahoma,Sequoyah,40135
Louisiana,Avoyelles,22009
Wyoming,Fremont,56013
Tennessee,Campbell,47013
Oklahoma,Mayes,40097
Missouri,Webster,29225
North Carolina,Person,37145
Minnesota,Douglas,27041
North Dakota,Williams,38105
Texas,Jim Wells,48249
Wisconsin,Oconto,55083
Kansas,Crawford,20037
West Virginia,Wayne,54099
Virginia,Isle of Wight,51093
Virginia,Gloucester,51073
Iowa,Des Moines,19057
Arkansas,Union,05139
Ohio,Champaign,39021
South Carolina,Colleton,45029
Pennsylvania,Susquehanna,42115
Pennsylvania,Warren,42123
Arizona,Graham,04009
Illinois,Woodford,17203
Ohio,Guernsey,39059
Alabama,Dallas,01047
Ohio,Defiance,39039
South Dakota,Brown,46013
Missouri,Lawrence,29109
Kansas,Finney,20055
Texas,Brown,48049
Oklahoma,Pontotoc,40123
Virginia,Louisa,51109
Missouri,Scott,29201
Indiana,Montgomery,18107
South Carolina,Newberry,45071
Arkansas,Independence,05063
Pennsylvania,Clinton,42035
Indiana,Cass,18017
Illinois,Franklin,17055
Iowa,Jasper,19099
Wisconsin,Oneida,55085
Maryland,Talbot,24041
Arkansas,Boone,05009
Illinois,Marion,17121
Alabama,Covington,01039
Wyoming,Albany,56001
Pennsylvania,Clarion,42031
Louisiana,Natchitoches,22069
Vermont,Addison,50001
Michigan,Houghton,26061
Minnesota,Steele,27147
Kentucky,Calloway,21035
Vermont,Bennington,50003
New York,Essex,36031
North Carolina,Yadkin,37197
Nebraska,Dodge,31053
North Carolina,Dare,37055
North Carolina,Macon,37113
Wisconsin,Green,55045
Illinois,Jefferson,17081
Texas,Hopkins,48223
Illinois,Clinton,17027
Iowa,Webster,19187
Ohio,Williams,39171
Indiana,Putnam,18133
Oklahoma,Okmulgee,40111
Kentucky,Clark,21049
Maine,Sagadahoc,23023
Michigan,Delta,26041
Tennessee,Dyer,47045
Louisiana,Webster,22119
Alabama,Escambia,01053
Minnesota,McLeod,27085
Kentucky,Graves,21083
Indiana,Huntington,18069
Michigan,Chippewa,26033
Kentucky,Whitley,21235
Ohio,Coshocton,39031
Virginia,Orange,51137
Louisiana,Beauregard,22011
North Carolina,Alexander,37003
Minnesota,Carlton,27017
Texas,Matagorda,48321
Kansas,Geary,20061
Tennessee,Cocke,47029
Indiana,Knox,18083
Texas,Hill,48217
Virginia,Wise,51195
Missouri,Laclede,29105
Texas,Fannin,48147
Nebraska,Scotts Bluff,31157
Indiana,Miami,18103
Utah,Uintah,49047
Georgia,Ware,13299
Kentucky,Greenup,21089
Indiana,Adams,18001
Iowa,Sioux,19167
Texas,Washington,48477
Pennsylvania,Greene,42059
Kentucky,Floyd,21071
Illinois,Livingston,17105
Missouri,Warren,29219
Nebraska,Madison,31119
Maine,Lincoln,23015
Ohio,Perry,39127
Tennessee,Lincoln,47103
Montana,Silver Bow,30093
Iowa,Wapello,19179
Minnesota,Becker,27005
Ohio,Morrow,39117
Utah,Wasatch,49051
Georgia,Harris,13145
Illinois,Monroe,17133
Mississippi,Lincoln,28085
Mississippi,Alcorn,28003
Wisconsin,Clark,55019
Missouri,Barry,29009
Kansas,Cowley,20035
South Dakota,Brookings,46011
Alabama,Chambers,01017
Illinois,Effingham,17049
Tennessee,Marshall,47117
Nebraska,Lincoln,31111
Indiana,Steuben,18151
Texas,Howard,48227
New Mexico,Taos,35055
Ohio,Putnam,39137
Minnesota,Nicollet,27103
Kansas,Miami,20121
Indiana,Whitley,18183
Florida,DeSoto,12027
North Carolina,Scotland,37165
Illinois,Lee,17103
Nebraska,Platte,31141
Kansas,Ford,20057
West Virginia,Preston,54077
Mississippi,Monroe,28095
Michigan,Emmet,26047
Minnesota,Morrison,27097
Virginia,Halifax,51083
Mississippi,Marshall,28093
Kansas,Harvey,20079
Illinois,Christian,17021
Virginia,Pulaski,51155
Michigan,Wexford,26165
Virginia,Botetourt,51023
Oklahoma,Lincoln,40081
Florida,Wakulla,12129
Illinois,Fulton,17057
New York,Seneca,36099
Iowa,Marion,19125
Iowa,Lee,19111
Georgia,Pickens,13227
Georgia,Lumpkin,13187
Virginia,Accomack,51001
Indiana,Daviess,18027
Maryland,Caroline,24011
Virginia,Petersburg,51730
Illinois,Bureau,17011
North Dakota,Morton,38059
Mississippi,Panola,28107
North Carolina,Transylvania,37175
Arkansas,Hot Spring,05059
Alabama,Lawrence,01079
Indiana,Jefferson,18077
Indiana,Jasper,18073
Texas,Jasper,48241
Tennessee,Rhea,47143
Indiana,Clinton,18023
Indiana,Gibson,18051
Washington,Jefferson,53031
Alabama,Pike,01109
West Virginia,Greenbrier,54025
North Dakota,Stark,38089
Georgia,Lee,13177
Tennessee,Weakley,47183
Illinois,Morgan,17137
Missouri,Lafayette,29107
Ohio,Jackson,39079
Maryland,Dorchester,24019
Texas,Hale,48189
West Virginia,Logan,54045
Louisiana,Evangeline,22039
Tennessee,Henry,47079
Louisiana,Jefferson Davis,22053
Kansas,Lyon,20111
South Carolina,Chester,45023
Alaska,Juneau,02110
Tennessee,Claiborne,47025
Alabama,Franklin,01059
Missouri,Polk,29167
California,Lassen,06035
Kentucky,Marshall,21157
Oregon,Malheur,41045
Georgia,Gilmer,13123
Montana,Lake,30047
Michigan,Huron,26063
Kansas,Montgomery,20125
New Hampshire,Coos,33007
Virginia,Amherst,51009
Idaho,Jefferson,16051
Missouri,Stone,29209
Texas,Titus,48449
Mississippi,Pontotoc,28115
Virginia,Caroline,51033
Wyoming,Sheridan,56033
Colorado,Delta,08029
South Carolina,Clarendon,45027
Nebraska,Adams,31001
Minnesota,Polk,27119
Maine,Washington,23029
Indiana,Wabash,18169
Oklahoma,McCurtain,40089
Michigan,Clare,26035
Texas,Bee,48025
Colorado,Summit,08117
Indiana,Greene,18055
Pennsylvania,Elk,42047
South Carolina,Williamsburg,45089
Texas,Kleberg,48273
Minnesota,Freeborn,27047
Wisconsin,Vernon,55123
Kentucky,Muhlenberg,21177
Mississippi,Bolivar,28011
Wisconsin,Trempealeau,55121
Tennessee,Obion,47131
Ohio,Hardin,39065
Kentucky,Boyle,21021
West Virginia,Marshall,54051
Virginia,Powhatan,51145
Oklahoma,Ottawa,40115
Vermont,Caledonia,50005
Illinois,Randolph,17157
Texas,Austin,48015
Georgia,Madison,13195
Virginia,Mecklenburg,51117
Tennessee,Giles,47055
Minnesota,Cass,27021
Georgia,Wayne,13305
Louisiana,Iberville,22047
Kentucky,Knox,21121
Georgia,Haralson,13143
Kansas,McPherson,20113
Wisconsin,Door,55029
South Dakota,Meade,46093
New York,Schoharie,36095
Kentucky,Meade,21163
Wyoming,Park,56029
Maine,Franklin,23007
North Carolina,Bladen,37017
Virginia,Smyth,51173
South Carolina,Jasper,45053
Texas,Grimes,48185
Vermont,Orange,50017
Mississippi,Adams,28001
Georgia,Sumter,13261
Ohio,Gallia,39053
South Carolina,Marion,45067
Alabama,Marion,01093
Michigan,Mason,26105
Virginia,Carroll,51035
Minnesota,Pine,27115
Georgia,Decatur,13087
Colorado,Morgan,08087
Indiana,Ripley,18137
Mississippi,Neshoba,28099
Kansas,Ellis,20051
Michigan,Alpena,26007
West Virginia,Hancock,54029
Ohio,Fayette,39047
North Carolina,Cherokee,37039
Maryland,Garrett,24023
Tennessee,Marion,47115
Ohio,Van Wert,39161
Utah,Sanpete,49039
Minnesota,Le Sueur,27079
Idaho,Elmore,16039
California,Glenn,06021
Missouri,Stoddard,29207
Texas,Cass,48067
North Carolina,Currituck,37053
Texas,Palo Pinto,48363
Missouri,Marion,29127
South Dakota,Codington,46029
Wisconsin,Lincoln,55069
Oklahoma,Custer,40039
Georgia,Jones,13169
Tennessee,Carroll,47017
Arkansas,Carroll,05015
Illinois,Montgomery,17135
Georgia,Monroe,13207
Virginia,Wythe,51197
Virginia,Fredericksburg,51630
South Carolina,Dillon,45033
Mississippi,Copiah,28029
Kentucky,Montgomery,21173
Missouri,Dunklin,29069
Indiana,Wells,18179
Georgia,White,13311
Kentucky,Perry,21193
Indiana,Washington,18175
Ohio,Hocking,39073
Virginia,Winchester,51840
Mississippi,Tate,28137
Virginia,Dinwiddie,51053
Georgia,Peach,13225
Illinois,Logan,17107
New Mexico,Grant,35017
West Virginia,Randolph,54083
Florida,Baker,12003
Mississippi,Scott,28123
Mississippi,Leflore,28083
Mississippi,Union,28145
West Virginia,Jackson,54035
Tennessee,Henderson,47077
Florida,Bradford,12007
Texas,San Jacinto,48407
Georgia,Upson,13293
Indiana,Jennings,18079
Ohio,Henry,39069
Ohio,Adams,39001
Kentucky,Logan,21141
Mississippi,Yazoo,28163
California,Del Norte,06015
Vermont,Orleans,50019
Virginia,Fluvanna,51065
Tennessee,White,47185
Louisiana,West Baton Rouge,22121
Illinois,McDonough,17109
Georgia,Dawson,13085
Oregon,Tillamook,41057
New Mexico,San Miguel,35047
New Mexico,Cibola,35006
South Carolina,Union,45087
Ohio,Pike,39131
Illinois,Iroquois,17075
Virginia,King George,51099
West Virginia,Mineral,54057
Texas,Gillespie,48171
Georgia,Toombs,13279
Oklahoma,Caddo,40015
Kentucky,Woodford,21239
Tennessee,Hardin,47071
Louisiana,De Soto,22031
Ohio,Carroll,39019
North Carolina,Ashe,37009
Nebraska,Cass,31025
Georgia,Stephens,13257
Michigan,Oceana,26127
Iowa,Boone,19015
Wisconsin,Juneau,55057
New York,Lewis,36049
Minnesota,Mille Lacs,27095
Kentucky,Carter,21043
Alabama,Geneva,01061
Oregon,Wasco,41065
Kentucky,Harlan,21095
South Carolina,Marlboro,45069
Kentucky,Grayson,21085
Colorado,Elbert,08039
Indiana,Decatur,18031
Indiana,Clay,18021
Oregon,Union,41061
Pennsylvania,Wyoming,42131
South Carolina,Edgefield,45037
Michigan,Charlevoix,26029
Georgia,Hart,13147
Georgia,Grady,13131
Colorado,Montezuma,08083
Kentucky,Taylor,21217
South Dakota,Lawrence,46081
Vermont,Lamoille,50015
Kansas,Franklin,20059
Michigan,Dickinson,26043
Arkansas,Johnson,05071
Tennessee,McNairy,47109
Mississippi,Simpson,28127
Minnesota,Brown,27015
Mississippi,Sunflower,28133
North Carolina,Montgomery,37123
Oklahoma,Garvin,40049
Virginia,Russell,51167
Michigan,Cheboygan,26031
Iowa,Benton,19011
Iowa,Plymouth,19149
Virginia,Staunton,51790
Idaho,Payette,16075
Florida,Hardee,12049
Georgia,Butts,13035
Tennessee,Hardeman,47069
West Virginia,Mason,54053
Kansas,Pottawatomie,20149
Kansas,Barton,20009
Michigan,Gladwin,26051
Louisiana,Morehouse,22067
Georgia,Fannin,13111
Nevada,Churchill,32001
New Mexico,Luna,35029
Virginia,Salem,51775
Tennessee,Macon,47111
Minnesota,Lyon,27083
Michigan,Iosco,26069
Missouri,Adair,29001
Minnesota,Todd,27153
Indiana,Posey,18129
Michigan,Otsego,26137
Tennessee,Lauderdale,47097
Kentucky,Grant,21081
Texas,Milam,48331
Alabama,Cherokee,01019
Michigan,Manistee,26101
Florida,Washington,12133
Iowa,Bremer,19017
Tennessee,Hickman,47081
Oregon,Crook,41013
Arkansas,Cleburne,05023
Mississippi,Prentiss,28117
Colorado,Routt,08107
Virginia,Goochland,51075
Georgia,Chattooga,13055
Georgia,Union,13291
Alabama,Barbour,01005
Missouri,Audrain,29007
Idaho,Cassia,16031
Missouri,Miller,29131
Texas,Uvalde,48463
Missouri,Texas,29215
Oklahoma,Jackson,40065
Colorado,Teller,08119
New York,Yates,36123
Maryland,Somerset,24039
Wisconsin,Waushara,55137
Oregon,Jefferson,41031
Missouri,Randolph,29175
Indiana,White,18181
West Virginia,Nicholas,54067
Indiana,Randolph,18135
Texas,Fayette,48149
Kentucky,Rowan,21205
Mississippi,George,28039
Idaho,Jerome,16053
Indiana,Scott,18143
South Carolina,Abbeville,45001
Mississippi,Marion,28091
Georgia,Burke,13033
Kentucky,Lincoln,21137
Georgia,Tattnall,13267
Kentucky,Bell,21013
Idaho,Blaine,16013
Virginia,Fairfax,51600
Texas,Shelby,48419
Texas,Aransas,48007
Nebraska,Dawson,31047
Oregon,Hood River,41027
Mississippi,Itawamba,28057
West Virginia,Upshur,54097
Kentucky,Anderson,21005
Kentucky,Ohio,21183
Wisconsin,Iowa,55049
Virginia,Page,51139
Michigan,Antrim,26009
Illinois,Saline,17165
Alabama,Winston,01133
Tennessee,Grainger,47057
Oklahoma,Seminole,40133
Missouri,Washington,29221
Michigan,Roscommon,26143
Pennsylvania,Juniata,42067
Georgia,Franklin,13119
West Virginia,Mingo,54059
Michigan,Menominee,26109
Oregon,Curry,41015
Washington,Pacific,53049
Indiana,Fayette,18041
Missouri,McDonald,29119
Minnesota,Meeker,27093
Wyoming,Teton,56039
South Dakota,Yankton,46135
Indiana,Starke,18149
Louisiana,Plaquemines,22075
Virginia,New Kent,51127
West Virginia,Hampshire,54027
Missouri,Saline,29195
Wisconsin,Vilas,55125
Arkansas,St. Francis,05123
Missouri,Ray,29177
Alabama,Clarke,01025
Virginia,Hopewell,51670
Missouri,Crawford,29055
Michigan,Osceola,26133
Arkansas,Poinsett,05111
Georgia,Emanuel,13107
Indiana,Franklin,18047
Washington,Klickitat,53039
Louisiana,Allen,22003
North Carolina,Caswell,37033
Arkansas,Columbia,05027
Virginia,Rockbridge,51163
Kentucky,Mercer,21167
Kentucky,Johnson,21115
Arkansas,Ouachita,05103
Tennessee,Overton,47133
Texas,Panola,48365
Iowa,Washington,19183
Kansas,Sumner,20191
Michigan,Leelanau,26089
Nebraska,Saunders,31155
Washington,Asotin,53003
West Virginia,Brooke,54009
Virginia,Waynesboro,51820
Oklahoma,Beckham,40009
Virginia,Lee,51105
Alabama,Bibb,01007
Ohio,Meigs,39105
Texas,Limestone,48293
Louisiana,Sabine,22085
Georgia,Putnam,13237
North Carolina,Anson,37007
Minnesota,Nobles,27105
Louisiana,Grant,22043
Alabama,Randolph,01111
Texas,Houston,48225
Missouri,Henry,29083
Iowa,Mahaska,19123
North Carolina,Martin,37117
Illinois,Jo Daviess,17085
Kansas,Seward,20175
Virginia,Prince Edward,51147
Tennessee,Scott,47151
Texas,Lampasas,48281
Ohio,Wyandot,39175
California,Colusa,06011
Mississippi,Tippah,28139
Georgia,McDuffie,13189
West Virginia,Boone,54005
Utah,Sevier,49041
Nebraska,Gage,31067
Texas,Llano,48299
Georgia,Mitchell,13205
North Carolina,Hertford,37091
Idaho,Minidoka,16067
North Dakota,Stutsman,38093
Virginia,Scott,51169
Texas,Gaines,48165
Texas,Hockley,48219
Kentucky,Letcher,21133
Minnesota,Hubbard,27057
Mississippi,Grenada,28043
Arkansas,Clark,05019
Illinois,Fayette,17051
Illinois,Jersey,17083
Minnesota,Wabasha,27157
Florida,Taylor,12123
North Carolina,Madison,37115
Indiana,Owen,18119
Mississippi,Leake,28079
Nebraska,Dakota,31043
Colorado,Logan,08075
Texas,Moore,48341
Mississippi,Newton,28101
Texas,Gray,48179
Mississippi,Coahoma,28027
Minnesota,Fillmore,27045
Arkansas,Logan,05083
West Virginia,Wyoming,54109
Texas,Bandera,48019
Missouri,Morgan,29141
Missouri,Clinton,29049
Oklahoma,Texas,40139
Missouri,Nodaway,29147
Tennessee,Morgan,47129
Louisiana,Assumption,22007
Louisiana,Union,22111
Illinois,Shelby,17173
Illinois,Perry,17145
Wisconsin,Jackson,55053
South Carolina,Fairfield,45039
Minnesota,Dodge,27039
Nebraska,Washington,31177
Michigan,Ogemaw,26129
Indiana,Sullivan,18153
Arkansas,Conway,05029
Kentucky,Allen,21003
Iowa,Jones,19105
Wisconsin,Adams,55001
Iowa,Carroll,19027
Georgia,Worth,13321
Iowa,Buena Vista,19021
Georgia,Meriwether,13199
South Carolina,Barnwell,45011
Louisiana,Pointe Coupee,22077
Virginia,Greene,51079
Iowa,Buchanan,19019
Texas,Hutchinson,48233
Texas,Colorado,48089
Wisconsin,Kewaunee,55061
Washington,Adams,53001
Wyoming,Uinta,56041
Massachusetts,Dukes,25007
Kentucky,Breckinridge,21027
Indiana,Jay,18075
Iowa,Henry,19087
Indiana,Fulton,18049
Oklahoma,Woodward,40153
West Virginia,Lincoln,54043
North Carolina,Greene,37079
Indiana,Carroll,18015
Texas,Lavaca,48285
Arkansas,Yell,05149
Utah,Carbon,49007
Kentucky,Clay,21051
Texas,Willacy,48489
Georgia,Crisp,13081
Virginia,Buchanan,51027
Kentucky,Bourbon,21017
New Mexico,Lincoln,35027
Tennessee,DeKalb,47041
Texas,Montague,48337
Georgia,Morgan,13211
Montana,Lincoln,30053
Texas,Calhoun,48057
Kansas,Labette,20099
Louisiana,St. James,22093
Iowa,Winneshiek,19191
Arkansas,Hempstead,05057
Tennessee,Smith,47159
Louisiana,Richland,22083
Wisconsin,Taylor,55119
Georgia,Dodge,13091
Georgia,Washington,13303
South Dakota,Davison,46035
Texas,Tyler,48457
Minnesota,Martin,27091
Indiana,Spencer,18147
Tennessee,Union,47173
Texas,DeWitt,48123
Georgia,Pierce,13229
Alabama,Monroe,01099
Wyoming,Lincoln,56023
Utah,Duchesne,49013
Missouri,Vernon,29217
Indiana,Orange,18117
Mississippi,Wayne,28153
Texas,Jones,48253
Louisiana,Franklin,22041
Texas,Gonzales,48177
Oklahoma,Adair,40001
Illinois,Douglas,17041
Kentucky,Wayne,21231
California,Plumas,06063
Kentucky,Marion,21155
Missouri,Benton,29015
Texas,Freestone,48161
Kentucky,Simpson,21213
Georgia,Elbert,13105
Colorado,Chaffee,08015
Kentucky,Spencer,21215
North Carolina,Polk,37149
Florida,Holmes,12059
Iowa,Fayette,19065
Wisconsin,Langlade,55067
Iowa,Jackson,19097
Louisiana,East Feliciana,22037
Arkansas,Polk,05113
Kansas,Cherokee,20021
Kentucky,Hart,21099
Maryland,Kent,24029
New Mexico,Los Alamos,35028
Idaho,Gem,16045
Alabama,Macon,01087
Indiana,Perry,18123
Alabama,Marengo,01091
Oklahoma,McIntosh,40091
Georgia,Pike,13231
New Mexico,Roosevelt,35041
Wisconsin,Green Lake,55047
South Dakota,Beadle,46005
Tennessee,Humphreys,47085
Georgia,Greene,13133
Arkansas,Ashley,05003
Alabama,Butler,01013
Missouri,Perry,29157
Minnesota,Waseca,27161
South Carolina,Saluda,45081
Alabama,Pickens,01107
West Virginia,McDowell,54047
South Carolina,Hampton,45049
Kentucky,Adair,21001
Mississippi,Tishomingo,28141
California,Inyo,06027
Ohio,Paulding,39125
Minnesota,Houston,27055
Kentucky,Harrison,21097
North Carolina,Warren,37185
Illinois,Crawford,17033
Louisiana,Concordia,22029
Georgia,Lamar,13171
Tennessee,Fentress,47049
Arkansas,Randolph,05121
Iowa,Poweshiek,19157
Mississippi,Clay,28025
Texas,Deaf Smith,48117
Colorado,Otero,08089
North Carolina,Yancey,37199
Alaska,Bethel,02050
Missouri,Ste. Genevieve,29186
Kansas,Dickinson,20041
Virginia,Westmoreland,51193
Iowa,Cedar,19031
Missouri,Wright,29229
Georgia,Appling,13001
Texas,Bosque,48035
Kansas,Jefferson,20087
Georgia,Banks,13011
Texas,Andrews,48003
Mississippi,Stone,28131
Mississippi,Covington,28031
Georgia,Berrien,13019
Pennsylvania,Montour,42093
Virginia,Colonial Heights,51570
Texas,Frio,48163
Georgia,Brantley,13025
Florida,Gilchrist,12041
Missouri,Andrew,29003
Michigan,Benzie,26019
Wisconsin,Sawyer,55113
Arkansas,Grant,05053
Kentucky,Russell,21207
Virginia,Southampton,51175
Washington,San Juan,53055
Florida,Madison,12079
Tennessee,Johnson,47091
Texas,Burleson,48051
Michigan,Kalkaska,26079
Texas,Young,48503
New York,Schuyler,36097
Virginia,King William,51101
Tennessee,Unicoi,47171
Mississippi,Attala,28007
North Carolina,Bertie,37015
South Dakota,Hughes,46065
Texas,Eastland,48133
Tennessee,Haywood,47075
Mississippi,Winston,28159
Missouri,Pike,29163
Iowa,Dickinson,19059
North Carolina,Avery,37011
Virginia,Patrick,51141
Nebraska,Seward,31159
Tennessee,Polk,47139
Colorado,Park,08093
Illinois,Hancock,17067
Texas,Lee,48287
North Carolina,Northampton,37131
Iowa,Delaware,19055
Arkansas,Sharp,05135
Tennessee,Chester,47023
Colorado,Pitkin,08097
Montana,Park,30067
Arkansas,Drew,05043
Alabama,Henry,01067
Nevada,Humboldt,32013
Wisconsin,Richland,55103
Georgia,Cook,13075
West Virginia,Morgan,54065
Kentucky,Garrard,21079
Georgia,Ben Hill,13017
Arkansas,Franklin,05047
Missouri,Dallas,29059
California,Mariposa,06043
Iowa,Clayton,19043
Virginia,Manassas Park,51685
Illinois,Union,17181
Kentucky,Mason,21161
Virginia,Bristol,51520
Arkansas,Arkansas,05001
Mississippi,Chickasaw,28017
Colorado,Gunnison,08051
Iowa,Tama,19171
Texas,Falls,48145
Maine,Piscataquis,23021
West Virginia,Lewis,54041
Georgia,Rabun,13241
Texas,Robertson,48395
Arkansas,Marion,05089
Missouri,Cooper,29053
Kentucky,McCreary,21147
Texas,Scurry,48415
Virginia,Buckingham,51029
Iowa,Hardin,19083
Illinois,Edgar,17045
Mississippi,Holmes,28051
Arkansas,Cross,05037
Georgia,Long,13183
Idaho,Idaho,16049
Arkansas,Jackson,05067
Illinois,Warren,17187
Illinois,Bond,17005
Florida,Dixie,12029
Arkansas,Madison,05087
Wisconsin,Lafayette,55065
Indiana,Rush,18139
Virginia,Giles,51071
South Dakota,Union,46127
Illinois,Piatt,17147
Oregon,Baker,41001
Wisconsin,Washburn,55129
Arizona,La Paz,04012
Iowa,Madison,19121
West Virginia,Taylor,54091
Iowa,Iowa,19095
Wisconsin,Burnett,55013
South Carolina,Lee,45061
North Dakota,Richland,38077
Indiana,Fountain,18045
Colorado,Alamosa,08003
New Mexico,Socorro,35053
Iowa,Crawford,19047
Iowa,Clay,19041
Pennsylvania,Potter,42105
Virginia,Radford,51750
Arkansas,Phillips,05107
Missouri,New Madrid,29143
Indiana,Parke,18121
Tennessee,Wayne,47181
Mississippi,Jasper,28061
Kansas,Atchison,20005
Alabama,Fayette,01057
Georgia,Brooks,13027
Arkansas,Lawrence,05075
Virginia,Appomattox,51011
Georgia,Dade,13083
Montana,Hill,30041
Kentucky,Lawrence,21127
Wisconsin,Bayfield,55007
Kentucky,Rockcastle,21203
Minnesota,Kanabec,27065
Illinois,Wayne,17191
Wisconsin,Crawford,55023
Missouri,Bates,29013
Tennessee,Sequatchie,47153
Wisconsin,Ashland,55003
Nebraska,Otoe,31131
Virginia,Brunswick,51025
Kentucky,Casey,21045
Tennessee,Benton,47005
Texas,Leon,48289
Arkansas,Sevier,05133
Arkansas,Van Buren,05141
California,Trinity,06105
Minnesota,Aitkin,27001
Kansas,Neosho,20133
Kansas,Osage,20139
Iowa,Jefferson,19101
Kentucky,Henry,21103
Colorado,Grand,08049
Illinois,Richland,17159
Illinois,Mercer,17131
Oklahoma,Pawnee,40117
Virginia,Nottoway,51135
Wisconsin,Marquette,55077
Iowa,Floyd,19067
Illinois,Carroll,17015
Georgia,Jefferson,13163
Missouri,Pemiscot,29155
Mississippi,Clarke,28023
Illinois,De Witt,17039
Virginia,Floyd,51063
West Virginia,Barbour,54001
Florida,Union,12125
Idaho,Gooding,16047
Indiana,Brown,18013
Oklahoma,Marshall,40095
Indiana,Vermillion,18165
Virginia,Williamsburg,51830
Illinois,Clark,17023
Alabama,Washington,01129
Minnesota,Redwood,27127
Missouri,Moniteau,29135
Louisiana,West Feliciana,22125
Virginia,Grayson,51077
Indiana,Tipton,18159
Illinois,Lawrence,17101
Minnesota,Roseau,27135
Oklahoma,Kingfisher,40073
Iowa,Page,19145
New Mexico,Torrance,35057
Missouri,Macon,29121
Virginia,Alleghany,51005
Alabama,Cleburne,01029
Texas,Pecos,48371
Kentucky,Fleming,21069
Louisiana,Jackson,22049
Michigan,Missaukee,26113
Michigan,Arenac,26011
Texas,Jackson,48239
Florida,Gulf,12045
North Carolina,Mitchell,37121
Iowa,Hamilton,19079
Georgia,Oglethorpe,13221
South Dakota,Clay,46027
Minnesota,Sibley,27143
Kentucky,Larue,21123
Georgia,Jasper,13159
Virginia,Clarke,51043
Tennessee,Bledsoe,47007
Texas,Karnes,48255
Missouri,Gasconade,29073
Georgia,Jeff Davis,13161
Illinois,Pike,17149
Virginia,Nelson,51125
Louisiana,LaSalle,22059
Alabama,Hale,01065
Iowa,Kossuth,19109
Minnesota,Renville,27129
Texas,Nolan,48353
Kentucky,Pendleton,21191
Iowa,Harrison,19085
Wyoming,Carbon,56007
Iowa,Mills,19129
Michigan,Gogebic,26053
Virginia,Falls Church,51610
Pennsylvania,Fulton,42057
Arkansas,Clay,05021
Illinois,Moultrie,17139
Ohio,Harrison,39067
Utah,San Juan,49037
Missouri,Dent,29065
Tennessee,Cannon,47015
Florida,Jefferson,12065
West Virginia,Wetzel,54103
Colorado,Las Animas,08071
Kansas,Bourbon,20011
Missouri,Livingston,29117
Idaho,Franklin,16041
Iowa,Butler,19023
Missouri,Cedar,29039
Mississippi,Smith,28129
Oklahoma,Choctaw,40023
Kentucky,Knott,21119
Nebraska,Saline,31151
West Virginia,Hardy,54031
Ohio,Noble,39121
Nebraska,York,31185
Alabama,Clay,01027
Louisiana,Claiborne,22027
Wisconsin,Rusk,55107
Kentucky,Trigg,21221
South Carolina,Calhoun,45017
Oklahoma,Craig,40035
Kentucky,Estill,21065
Iowa,O'Brien,19141
Illinois,Massac,17127
North Carolina,Swain,37173
Oklahoma,Atoka,40005
Minnesota,Wadena,27159
Virginia,Dickenson,51051
North Dakota,McKenzie,38053
Wisconsin,Price,55099
Massachusetts,Nantucket,25019
Iowa,Allamakee,19005
West Virginia,Roane,54087
Georgia,Screven,13251
Texas,Reeves,48389
Minnesota,Pennington,27113
Tennessee,Crockett,47033
Minnesota,Faribault,27043
Alaska,Ketchikan Gateway,02130
Texas,Zapata,48505
Mississippi,Walthall,28147
Alabama,Lamar,01075
Texas,Callahan,48059
Ohio,Morgan,39115
Kentucky,Morgan,21175
Oklahoma,Murray,40099
North Carolina,Chowan,37041
Illinois,White,17193
Indiana,Newton,18111
Virginia,Madison,51113
Illinois,Washington,17189
Montana,Glacier,30035
Florida,Calhoun,12013
Arkansas,Izard,05065
Texas,Trinity,48455
Wyoming,Converse,56009
Tennessee,Stewart,47161
South Dakota,Oglala Lakota,46102
Mississippi,Greene,28041
Louisiana,Winn,22127
Texas,Comanche,48093
Kentucky,Breathitt,21025
Washington,Pend Oreille,53051
Texas,Madison,48313
Tennessee,Grundy,47061
Virginia,Martinsville,51690
Idaho,Fremont,16043
Colorado,Archuleta,08007
Kentucky,Union,21225
Florida,Hamilton,12047
Illinois,Ford,17053
Oklahoma,Hughes,40063
Ohio,Monroe,39111
Idaho,Shoshone,16079
Missouri,Osage,29151
Wisconsin,Buffalo,55011
Illinois,Johnson,17087
South Carolina,Bamberg,45009
Virginia,Amelia,51007
Kansas,Jackson,20085
Illinois,Clay,17025
Colorado,Moffat,08081
California,Mono,06051
Alabama,Crenshaw,01041
Michigan,Crawford,26039
Mississippi,Calhoun,28013
Iowa,Cass,19029
Montana,Big Horn,30003
Kentucky,Powell,21197
Michigan,Presque Isle,26141
Illinois,Mason,17125
Alaska,Kodiak Island,02150
Kentucky,Lewis,21135
North Carolina,Perquimans,37143
Utah,Millard,49027
Texas,Lamb,48279
Arkansas,Lincoln,05079
Kentucky,Jackson,21109
Louisiana,Bienville,22013
Illinois,Cass,17017
Kentucky,Webster,21233
Iowa,Wright,19197
Tennessee,Meigs,47121
Texas,Wilbarger,48487
Ohio,Vinton,39163
Arkansas,Howard,05061
Kentucky,Bath,21011
Mississippi,Amite,28005
Alabama,Choctaw,01023
Missouri,Madison,29123
Tennessee,Lewis,47101
Kentucky,Caldwell,21033
Mississippi,Tallahatchie,28135
Georgia,Telfair,13271
Montana,Sanders,30089
Wyoming,Goshen,56015
Kansas,Allen,20001
Georgia,Charlton,13049
Georgia,Towns,13281
Texas,Camp,48063
West Virginia,Braxton,54007
Mississippi,Yalobusha,28161
Indiana,Pulaski,18131
Virginia,Poquoson,51735
Minnesota,Chippewa,27023
West Virginia,Monroe,54063
Georgia,Bleckley,13023
Arkansas,Stone,05137
New Mexico,Colfax,35007
Utah,Morgan,49029
Kentucky,Butler,21031
Iowa,Grundy,19075
Texas,Dawson,48115
Idaho,Boundary,16021
Texas,Newton,48351
North Carolina,Pamlico,37137
Missouri,Mississippi,29133
North Dakota,Rolette,38079
Michigan,Lake,26085
Illinois,Menard,17129
Kentucky,Todd,21219
Iowa,Appanoose,19007
Florida,Franklin,12037
Montana,Jefferson,30043
Texas,Rains,48379
Indiana,Pike,18125
Alabama,Sumter,01119
Arkansas,Fulton,05049
Kentucky,Edmonson,21061
Florida,Glades,12043
Georgia,Crawford,13079
Oregon,Morrow,41049
Virginia,Northampton,51131
Washington,Skamania,53059
Iowa,Union,19175
Georgia,Macon,13193
Indiana,Blackford,18009
Minnesota,Koochiching,27071
Idaho,Owyhee,16073
Kentucky,Washington,21229
Arkansas,Little River,05081
Iowa,Lyon,19119
Illinois,Greene,17061
Virginia,Northumberland,51133
Texas,Morris,48343
Virginia,Lunenburg,51111
West Virginia,Summers,54089
Colorado,Prowers,08099
Montana,Custer,30017
Iowa,Chickasaw,19037
Utah,Juab,49023
Mississippi,Lawrence,28077
Missouri,Linn,29115
Kansas,Marion,20115
Missouri,DeKalb,29063
Idaho,Valley,16085
Texas,Terry,48445
Idaho,Teton,16081
Missouri,Douglas,29067
Illinois,Marshall,17123
Iowa,Shelby,19165
Tennessee,Jackson,47087
Wyoming,Big Horn,56003
Missouri,Barton,29011
Oklahoma,Haskell,40061
Kentucky,Magoffin,21153
Texas,Red River,48387
North Dakota,Ramsey,38071
Texas,Blanco,48031
Iowa,Cherokee,19035
Tennessee,Trousdale,47169
Michigan,Iron,26071
Alabama,Conecuh,01035
Virginia,Charlotte,51037
Mississippi,Perry,28111
New Mexico,Sierra,35051
Montana,Fergus,30027
Georgia,Heard,13149
Tennessee,Decatur,47039
Minnesota,Cottonwood,27033
Colorado,Rio Grande,08105
Missouri,Montgomery,29139
Texas,Live Oak,48297
Virginia,Greensville,51081
Montana,Richland,30083
Oklahoma,Okfuskee,40107
Texas,Ward,48475
Kentucky,Monroe,21171
Illinois,Wabash,17185
Minnesota,Pope,27121
Kentucky,Martin,21159
Mississippi,Jefferson Davis,28065
Arkansas,Desha,05041
Georgia,Dooly,13093
Kentucky,Owen,21187
South Dakota,Lake,46079
Minnesota,Watonwan,27165
Kentucky,Green,21087
North Carolina,Clay,37043
Georgia,McIntosh,13191
Georgia,Bacon,13005
Missouri,Wayne,29223
North Carolina,Washington,37187
Washington,Lincoln,53043
West Virginia,Grant,54023
North Carolina,Alleghany,37005
Oklahoma,Noble,40103
Georgia,Candler,13043
Oklahoma,Washita,40149
Alaska,North Slope,02185
Minnesota,Lake,27075
Louisiana,St. Helena,22091
Virginia,Lancaster,51103
Virginia,Sussex,51183
Oklahoma,Pushmataha,40127
Michigan,Mackinac,26097
Kentucky,Carroll,21041
Missouri,Ripley,29181
North Dakota,Barnes,38003
Iowa,Louisa,19115
Montana,Roosevelt,30085
Iowa,Hancock,19081
Nebraska,Box Butte,31013
Georgia,Evans,13109
Georgia,Early,13099
Virginia,Middlesex,51119
Iowa,Winnebago,19189
Nebraska,Red Willow,31145
Missouri,Bollinger,29017
Montana,Carbon,30009
Iowa,Guthrie,19077
Idaho,Washington,16087
Virginia,Essex,51057
Nebraska,Custer,31041
Nebraska,Colfax,31037
North Dakota,Walsh,38099
North Carolina,Camden,37029
Iowa,Mitchell,19131
Indiana,Crawford,18025
North Carolina,Gates,37073
Kentucky,Leslie,21131
Arkansas,Bradley,05011
Illinois,Cumberland,17035
Texas,Franklin,48159
Alabama,Wilcox,01131
Oklahoma,Johnston,40069
South Dakota,Butte,46019
Missouri,Ralls,29173
Alabama,Coosa,01037
Alabama,Bullock,01011
Kentucky,Metcalfe,21169
Texas,Clay,48077
Iowa,Montgomery,19137
Mississippi,Noxubee,28103
South Dakota,Roberts,46109
Michigan,Alcona,26001
Arkansas,Chicot,05017
Kansas,Nemaha,20131
Arkansas,Pike,05109
Oklahoma,Love,40085
Alabama,Lowndes,01085
Nebraska,Holt,31089
Missouri,Howard,29089
Arkansas,Perry,05105
Louisiana,Madison,22065
Iowa,Keokuk,19107
Alaska,Nome,02180
Iowa,Franklin,19069
Kansas,Marshall,20117
Minnesota,Jackson,27063
Missouri,Lewis,29111
Texas,Sabine,48403
Georgia,Lanier,13173
Texas,Duval,48131
Mississippi,Webster,28155
Colorado,Yuma,08125
Mississippi,Carroll,28015
Texas,Ochiltree,48357
Utah,Emery,49015
Indiana,Switzerland,18155
Iowa,Calhoun,19025
Georgia,Pulaski,13235
Missouri,Grundy,29079
Arkansas,Scott,05127
Indiana,Martin,18101
Texas,Runnels,48399
Texas,Parmer,48369
Minnesota,Swift,27151
Mississippi,Montgomery,28097
Louisiana,West Carroll,22123
Mississippi,Tunica,28143
North Dakota,McLean,38055
Iowa,Sac,19161
Iowa,Clarke,19039
Idaho,Benewah,16009
Nebraska,Wayne,31179
Texas,Zavala,48507
Virginia,Cumberland,51049
Kansas,Linn,20107
Minnesota,Stevens,27149
Utah,Grand,49019
Texas,Marion,48315
Minnesota,Rock,27133
Louisiana,Caldwell,22021
North Dakota,Mountrail,38061
South Carolina,McCormick,45065
Georgia,Wilkes,13317
Iowa,Humboldt,19091
Minnesota,Yellow Medicine,27173
Missouri,Iron,29093
Oklahoma,Latimer,40077
Nebraska,Cheyenne,31033
Georgia,Irwin,13155
Kansas,Brown,20013
Arizona,Greenlee,04011
Iowa,Howard,19089
Montana,Beaverhead,30001
Oklahoma,Nowata,40105
Texas,Brewster,48043
Kansas,Rice,20159
Montana,Deer Lodge,30023
Colorado,Clear Creek,08019
Georgia,Chattahoochee,13053
Nebraska,Hamilton,31081
Minnesota,Pipestone,27117
South Dakota,Todd,46121
Iowa,Emmet,19063
Texas,Somervell,48425
Missouri,St. Clair,29185
South Dakota,Charles Mix,46023
Kentucky,Clinton,21053
Illinois,Jasper,17079
North Carolina,Jones,37103
Michigan,Montmorency,26119
Texas,Stephens,48429
Wisconsin,Forest,55041
Georgia,Johnson,13167
Kansas,Pratt,20151
Kentucky,McLean,21149
Georgia,Seminole,13253
Iowa,Davis,19051
Kentucky,Hancock,21091
Mississippi,Claiborne,28021
Minnesota,Marshall,27089
Kansas,Cloud,20029
Georgia,Terrell,13273
Nebraska,Cuming,31039
Nevada,White Pine,32033
Kentucky,Livingston,21139
Mississippi,Kemper,28069
Kentucky,Crittenden,21055
Montana,Stillwater,30095
Virginia,Richmond,51159
Nebraska,Phelps,31137
Texas,Mitchell,48335
Iowa,Palo Alto,19147
Montana,Dawson,30021
Louisiana,Catahoula,22025
Georgia,Turner,13287
Missouri,Caldwell,29025
Michigan,Alger,26003
Georgia,Wilkinson,13319
Georgia,Wilcox,13315
Idaho,Clearwater,16035
Iowa,Greene,19073
Wyoming,Sublette,56035
Missouri,Oregon,29149
Montana,Madison,30057
Kentucky,Lyon,21143
Kentucky,Gallatin,21077
Indiana,Benton,18007
Georgia,Jenkins,13165
Missouri,Ozark,29153
Georgia,Montgomery,13209
South Dakota,Turner,46125
Texas,Dimmit,48127
Iowa,Monona,19133
Missouri,Monroe,29137
Kansas,Wilson,20205
Iowa,Lucas,19117
Arkansas,Lee,05077
Oklahoma,Blaine,40011
Oklahoma,Woods,40151
California,Modoc,06049
Texas,Archer,48009
New Mexico,Quay,35037
Wyoming,Platte,56031
Georgia,Hancock,13141
Texas,Jack,48237
Arkansas,Montgomery,05097
Minnesota,Clearwater,27029
Virginia,Mathews,51115
Wyoming,Johnson,56019
Mississippi,Wilkinson,28157
South Dakota,Custer,46033
Missouri,Carroll,29033
Kentucky,Trimble,21223
West Virginia,Ritchie,54085
Alabama,Perry,01105
Alaska,Sitka,02220
Indiana,Warren,18171
Missouri,Maries,29125
Missouri,Hickory,29085
Oklahoma,Kiowa,40075
Tennessee,Perry,47135
Kentucky,Bracken,21023
Missouri,Daviess,29061
Nebraska,Knox,31107
Nebraska,Cedar,31027
Nebraska,Butler,31023
Alaska,Kusilvak,02158
North Dakota,Mercer,38057
West Virginia,Webster,54101
West Virginia,Tyler,54095
Kansas,Coffey,20031
Montana,Rosebud,30087
Nebraska,Keith,31101
Arkansas,Nevada,05099
Nebraska,Dawes,31045
Georgia,Atkinson,13003
Michigan,Oscoda,26135
Tennessee,Houston,47083
Michigan,Baraga,26013
Texas,Hamilton,48193
Arkansas,Prairie,05117
Mississippi,Choctaw,28019
Oregon,Lake,41037
Virginia,Franklin,51620
Missouri,Harrison,29081
Minnesota,Murray,27101
Florida,Lafayette,12067
Kansas,Clay,20027
Colorado,San Miguel,08113
South Carolina,Allendale,45005
Michigan,Schoolcraft,26153
West Virginia,Clay,54015
North Carolina,Graham,37075
Idaho,Lemhi,16059
Illinois,Hamilton,17065
North Dakota,Traill,38097
Georgia,Twiggs,13289
West Virginia,Pocahontas,54075
Texas,San Augustine,48405
Idaho,Power,16077
Kansas,Thomas,20193
Arkansas,Searcy,05129
Nebraska,Richardson,31147
West Virginia,Doddridge,54017
Utah,Kane,49025
Idaho,Boise,16015
Texas,Coleman,48083
Georgia,Taylor,13269
Kansas,Anderson,20003
Mississippi,Humphreys,28053
Kentucky,Ballard,21007
Georgia,Lincoln,13181
Wyoming,Washakie,56043
Alabama,Greene,01063
Florida,Liberty,12077
Mississippi,Franklin,28037
Iowa,Decatur,19053
Alaska,Northwest Arctic,02188
Oklahoma,Major,40093
Nebraska,Merrick,31121
Texas,McCulloch,48307
Mississippi,Benton,28009
Louisiana,Red River,22081
Texas,Yoakum,48501
West Virginia,Pleasants,54073
Kentucky,Nicholas,21181
Missouri,Dade,29057
Tennessee,Clay,47027
Texas,Winkler,48495
Iowa,Monroe,19135
Colorado,Conejos,08021
Montana,Valley,30105
Georgia,Wheeler,13309
Arkansas,Cleveland,05025
South Dakota,Grant,46051
Georgia,Marion,13197
Kansas,Doniphan,20043
Oregon,Harney,41025
Iowa,Adair,19001
West Virginia,Gilmer,54021
Oregon,Wallowa,41063
Virginia,Rappahannock,51157
Iowa,Worth,19195
Missouri,Chariton,29041
Colorado,Lake,08065
South Dakota,Hutchinson,46067
Texas,Castro,48069
Kentucky,Elliott,21063
Louisiana,East Carroll,22035
Kansas,Kingman,20095
Wisconsin,Pepin,55091
Virginia,Lexington,51678
Kentucky,Lee,21129
Kansas,Grant,20067
Vermont,Grand Isle,50013
Nebraska,Pierce,31139
Washington,Ferry,53019
Wyoming,Crook,56011
Arkansas,Newton,05101
Oregon,Grant,41023
Mississippi,Jefferson,28063
Iowa,Van Buren,19177
Nebraska,Jefferson,31095
Texas,Dallam,48111
Missouri,Shannon,29203
Utah,Beaver,49001
Texas,Goliad,48175
South Dakota,Fall River,46047
Iowa,Pocahontas,19151
Texas,Brooks,48047
Idaho,Caribou,16029
Indiana,Union,18161
Colorado,Kit Carson,08063
Montana,Blaine,30005
Nebraska,Nemaha,31127
South Dakota,Bon Homme,46009
Oklahoma,Tillman,40141
Alaska,Chugach,02063
Montana,Powell,30077
Texas,Swisher,48437
Montana,Broadwater,30007
Iowa,Ida,19093
Texas,La Salle,48283
Pennsylvania,Forest,42053
Kansas,Wabaunsee,20197
Texas,Bailey,48017
Tennessee,Lake,47095
Colorado,Huerfano,08055
Alaska,Southeast Fairbanks,02240
Illinois,Schuyler,17169
Wyoming,Weston,56045
North Dakota,Pembina,38067
Arkansas,Monroe,05095
Texas,Childress,48075
Virginia,Charles City,51036
West Virginia,Tucker,54093
Minnesota,Lac qui Parle,27073
Tennessee,Hancock,47067
Texas,Refugio,48391
Nebraska,Burt,31021
Nebraska,Thurston,31173
Georgia,Clinch,13065
Kansas,Russell,20167
Missouri,Clark,29045
Virginia,Galax,51640
Virginia,King and Queen,51097
Nebraska,Kearney,31099
Virginia,Buena Vista,51530
Iowa,Fremont,19071
Nevada,Pershing,32027
Kentucky,Wolfe,21237
Tennessee,Moore,47127
Virginia,Surry,51181
Colorado,Rio Blanco,08103
Iowa,Wayne,19185
Kentucky,Fulton,21075
Nebraska,Howard,31093
Arkansas,Dallas,05039
Minnesota,Norman,27107
Minnesota,Wilkin,27167
Colorado,Saguache,08109
Idaho,Bear Lake,16007
Georgia,Treutlen,13283
North Dakota,Bottineau,38009
Kansas,Ellsworth,20053
Illinois,Henderson,17071
Georgia,Randolph,13243
South Dakota,Spink,46115
South Dakota,Moody,46101
Illinois,Brown,17009
Nebraska,Antelope,31003
Kansas,Pawnee,20145
West Virginia,Calhoun,54013
Arkansas,Lafayette,05073
Arkansas,Woodruff,05147
Virginia,Bland,51021
Montana,Teton,30099
Missouri,Gentry,29075
South Dakota,Hamlin,46057
Illinois,Edwards,17047
Tennessee,Van Buren,47175
Kentucky,Menifee,21165
Texas,Presidio,48377
West Virginia,Pendleton,54071
Iowa,Osceola,19143
Wisconsin,Iron,55051
Mississippi,Quitman,28119
Missouri,Reynolds,29179
Minnesota,Grant,27051
Nebraska,Clay,31035
Missouri,Shelby,29205
Kansas,Greenwood,20073
Montana,Pondera,30073
Missouri,Sullivan,29211
Vermont,Essex,50009
Indiana,Ohio,18115
Kentucky,Cumberland,21057
North Dakota,Benson,38005
Kansas,Sherman,20181
Georgia,Miller,13201
Iowa,Taylor,19173
Montana,Chouteau,30015
Pennsylvania,Sullivan,42113
Michigan,Ontonagon,26131
Colorado,Gilpin,08047
Kansas,Mitchell,20123
Nebraska,Stanton,31167
Texas,Carson,48065
Alaska,Prince of Wales-Hyder,02198
Georgia,Talbot,13263
Colorado,Crowley,08025
Texas,San Saba,48411
Kansas,Ottawa,20143
Texas,Garza,48169
Nevada,Lander,32015
Virginia,Covington,51580
Kansas,Gray,20069
South Dakota,McCook,46087
Oklahoma,Alfalfa,40003
Virginia,Emporia,51595
North Dakota,Ransom,38073
Iowa,Audubon,19009
Minnesota,Lincoln,27081
Illinois,Putnam,17155
Texas,Lynn,48305
Minnesota,Cook,27031
South Dakota,Tripp,46123
Georgia,Calhoun,13037
Colorado,Lincoln,08073
Nebraska,Dixon,31051
Colorado,Bent,08011
Nebraska,Fillmore,31059
Oklahoma,Cotton,40033
Oklahoma,Greer,40055
Kansas,Washington,20201
South Dakota,Day,46037
Nebraska,Cherry,31031
Kansas,Harper,20077
Louisiana,Cameron,22023
Michigan,Luce,26095
Kansas,Norton,20137
Oklahoma,Jefferson,40067
Texas,Haskell,48207
Nebraska,Boone,31011
Illinois,Stark,17175
Minnesota,Mahnomen,27087
Texas,Floyd,48153
Kansas,Morris,20127
Texas,Hartley,48205
Alaska,Yukon-Koyukuk,02290
North Dakota,McHenry,38049
South Dakota,Walworth,46129
Missouri,Carter,29035
Nebraska,Johnson,31097
Oklahoma,Coal,40029
Texas,Delta,48119
South Dakota,Dewey,46041
Kansas,Stevens,20189
Texas,Hansford,48195
Missouri,Atchison,29005
Illinois,Alexander,17003
South Dakota,Brule,46015
Texas,Martin,48317
Alaska,Aleutians West,02016
Idaho,Lincoln,16063
West Virginia,Wirt,54105
Georgia,Warren,13301
Nebraska,Polk,31143
Illinois,Pulaski,17153
South Dakota,Kingsbury,46077
Minnesota,Big Stone,27011
Texas,Crosby,48107
Kansas,Scott,20171
Utah,Garfield,49017
Georgia,Stewart,13259
Nebraska,Sheridan,31161
New York,Hamilton,36041
Oklahoma,Beaver,40007
Tennessee,Pickett,47137
Montana,Toole,30101
Nebraska,Thayer,31169
North Dakota,Dickey,38021
Texas,Wheeler,48483
Illinois,Gallatin,17059
Kansas,Phillips,20147
Colorado,Ouray,08091
Kansas,Rooks,20163
Montana,Musselshell,30065
Illinois,Scott,17171
Virginia,Craig,51045
Colorado,Custer,08027
Alaska,Dillingham,02070
Texas,Jim Hogg,48247
Colorado,Washington,08121
Kentucky,Carlisle,21039
Arkansas,Calhoun,05013
Missouri,Scotland,29199
Missouri,Putnam,29171
Iowa,Ringgold,19159
Kansas,Republic,20157
Montana,Mineral,30061
Texas,Crane,48103
North Carolina,Hyde,37095
Nebraska,Furnas,31065
Wyoming,Hot Springs,56017
Wisconsin,Florence,55037
Idaho,Oneida,16071
Nevada,Mineral,32021
Georgia,Schley,13249
Nebraska,Morrill,31123
Pennsylvania,Cameron,42023
Nevada,Lincoln,32017
Oklahoma,Dewey,40043
Texas,Mills,48333
Colorado,Phillips,08095
Kentucky,Hickman,21105
Washington,Wahkiakum,53069
Illinois,Calhoun,17013
Idaho,Adams,16003
New Mexico,Guadalupe,35019
South Dakota,Marshall,46091
Idaho,Custer,16037
Texas,Kimble,48267
South Dakota,Deuel,46039
Wisconsin,Menominee,55078
Missouri,Holt,29087
Montana,Phillips,30071
New Mexico,Mora,35033
Minnesota,Kittson,27069
Virginia,Bath,51017
New Mexico,Hidalgo,35023
Oklahoma,Grant,40053
North Dakota,LaMoure,38045
Louisiana,Tensas,22107
Nevada,Storey,32029
Nebraska,Nuckolls,31129
Kansas,Barber,20007
New Mexico,Union,35059
Missouri,Schuyler,29197
Kentucky,Owsley,21189
Kansas,Stafford,20185
Nebraska,Valley,31175
North Dakota,Dunn,38025
Kansas,Meade,20119
South Dakota,Edmunds,46045
North Dakota,Pierce,38069
North Dakota,Wells,38103
South Dakota,Gregory,46053
Washington,Columbia,53013
Kansas,Kearny,20093
Texas,Mason,48319
Minnesota,Red Lake,27125
Mississippi,Sharkey,28125
South Dakota,Corson,46031
North Dakota,Sioux,38085
South Dakota,Clark,46025
North Dakota,Sargent,38081
Illinois,Pope,17151
Minnesota,Lake of the Woods,27077
Missouri,Knox,29103
Oklahoma,Ellis,40045
Kansas,Haskell,20081
South Dakota,Lyman,46085
Georgia,Echols,13101
Nebraska,Chase,31029
Montana,Sheridan,30091
Montana,Sweet Grass,30097
North Dakota,Cavalier,38019
Iowa,Adams,19003
Texas,Fisher,48151
Virginia,Norton,51720
Illinois,Hardin,17069
New Mexico,Catron,35003
Idaho,Lewis,16061
Kansas,Smith,20183
Texas,Hardeman,48197
Colorado,Costilla,08023
Missouri,Mercer,29129
Colorado,Baca,08009
Kansas,Osborne,20141
Texas,Baylor,48023
South Dakota,Hanson,46061
Oklahoma,Roger Mills,40129
Nebraska,Webster,31181
Alaska,Aleutians East,02013
Nebraska,Kimball,31105
South Dakota,Bennett,46007
North Carolina,Tyrrell,37177
Kansas,Chautauqua,20019
North Dakota,Foster,38031
Alaska,Petersburg,02195
Texas,Hemphill,48211
Montana,Granite,30039
Nebraska,Nance,31125
Minnesota,Traverse,27155
Texas,Sutton,48435
Texas,Knox,48275
Texas,Hudspeth,48229
Texas,Reagan,48383
Texas,Coke,48081
Texas,Donley,48129
North Dakota,Emmons,38029
Texas,Upton,48461
Oklahoma,Harper,40059
Texas,Concho,48095
Texas,Kinney,48271
Kansas,Woodson,20207
Texas,Shackelford,48417
Nebraska,Harlan,31083
South Dakota,Hand,46059
Texas,Lipscomb,48295
North Dakota,Nelson,38063
South Dakota,Stanley,46117
North Dakota,Bowman,38011
Nebraska,Sherman,31163
South Dakota,Perkins,46105
Texas,Crockett,48105
Montana,Fallon,30025
Kansas,Rush,20165
Kansas,Lincoln,20105
Kansas,Jewell,20089
California,Sierra,06091
Georgia,Glascock,13125
Nebraska,Franklin,31061
Georgia,Baker,13007
Texas,Collingsworth,48087
Nebraska,Perkins,31135
Georgia,Clay,13061
Kansas,Edwards,20047
Texas,Hall,48191
South Dakota,Jackson,46071
Texas,Real,48385
South Dakota,Douglas,46043
Kansas,Trego,20195
Kansas,Decatur,20039
Kansas,Gove,20063
Kansas,Logan,20109
Nebraska,Brown,31017
Kansas,Morton,20129
Kansas,Ness,20135
Nebraska,Hitchcock,31087
Kansas,Cheyenne,20023
Alaska,Copper River,02066
Idaho,Butte,16023
South Dakota,Aurora,46003
South Dakota,Potter,46107
Kansas,Chase,20017
Nebraska,Pawnee,31133
Kansas,Rawlins,20153
Utah,Rich,49033
Utah,Wayne,49055
Texas,Cochran,48079
North Dakota,McIntosh,38051
Kansas,Hamilton,20075
Oklahoma,Harmon,40057
Nebraska,Frontier,31063
North Dakota,Hettinger,38041
Texas,Schleicher,48413
Wyoming,Niobrara,56027
South Dakota,Ziebach,46137
Kansas,Elk,20049
Kansas,Sheridan,20179
Kansas,Kiowa,20097
Kansas,Graham,20065
Texas,Sherman,48421
Colorado,Sedgwick,08115
North Dakota,Kidder,38043
South Dakota,Sanborn,46111
Georgia,Webster,13307
North Dakota,Eddy,38027
Colorado,Dolores,08033
Alaska,Hoonah-Angoon,02105
North Dakota,Grant,38037
South Dakota,Miner,46097
Washington,Garfield,53023
North Dakota,Griggs,38039
North Dakota,Renville,38075
Oklahoma,Cimarron,40025
South Dakota,McPherson,46089
Virginia,Highland,51091
Nebraska,Greeley,31077
Kentucky,Robertson,21201
North Dakota,Divide,38023
North Dakota,Adams,38001
North Dakota,Burke,38013
Texas,Culberson,48109
Georgia,Quitman,13239
Texas,Oldham,48359
North Dakota,Towner,38095
South Dakota,Faulk,46049
Alaska,Wrangell,02275
Kansas,Wichita,20203
Alaska,Denali,02068
Michigan,Keweenaw,26083
Alaska,Haines,02100
Montana,Wheatland,30107
Kansas,Stanton,20187
Montana,Judith Basin,30045
Montana,Liberty,30051
Texas,Jeff Davis,48243
South Dakota,Mellette,46095
Oregon,Gilliam,41021
Missouri,Worth,29227
Kansas,Clark,20025
Texas,Menard,48327
Montana,Meagher,30059
Texas,Armstrong,48011
Oregon,Sherman,41055
Nebraska,Gosper,31073
South Dakota,Buffalo,46017
Nebraska,Deuel,31049
North Dakota,Logan,38047
South Dakota,Jerauld,46073
Nebraska,Garfield,31071
North Dakota,Oliver,38065
Kansas,Comanche,20033
Nebraska,Dundy,31057
Nebraska,Garden,31069
North Dakota,Steele,38091
Montana,Powder River,30075
Kansas,Hodgeman,20083
Nebraska,Boyd,31015
Utah,Piute,49031
South Dakota,Haakon,46055
Montana,McCone,30055
North Dakota,Golden Valley,38033
Colorado,Cheyenne,08017
New Mexico,De Baca,35011
Texas,Cottle,48101
Georgia,Taliaferro,13265
Nevada,Eureka,32011
Texas,Dickens,48125
Texas,Irion,48235
Montana,Daniels,30019
South Dakota,Campbell,46021
Kansas,Lane,20101
California,Alpine,06003
Kansas,Wallace,20199
Colorado,Jackson,08057
Texas,Throckmorton,48447
Oregon,Wheeler,41069
Texas,Sterling,48431
Texas,Edwards,48137
Colorado,Kiowa,08061
North Dakota,Sheridan,38083
Montana,Carter,30011
Texas,Stonewall,48433
South Dakota,Hyde,46069
South Dakota,Sully,46119
Nebraska,Rock,31149
Alaska,Skagway,02230
Texas,Briscoe,48045
Montana,Prairie,30079
Kansas,Greeley,20071
Texas,Motley,48345
Mississippi,Issaquena,28055
South Dakota,Harding,46063
Nebraska,Sioux,31165
Idaho,Camas,16025
Montana,Wibaux,30109
Texas,Foard,48155
Texas,Glasscock,48173
South Dakota,Jones,46075
Alaska,Lake and Peninsula,02164
Nebraska,Keya Paha,31103
Nevada,Esmeralda,32009
Montana,Garfield,30033
Nebraska,Hayes,31085
Colorado,Hinsdale,08053
Texas,Terrell,48443
Alaska,Bristol Bay,02060
Montana,Golden Valley,30037
North Dakota,Billings,38007
Nebraska,Logan,31113
North Dakota,Slope,38087
Colorado,Mineral,08079
Nebraska,Wheeler,31183
Texas,Roberts,48393
Idaho,Clark,16033
Colorado,San Juan,08111
Texas,Borden,48033
Montana,Treasure,30103
New Mexico,Harding,35021
Texas,McMullen,48311
Nebraska,Banner,31007
Nebraska,Hooker,31091
Nebraska,Grant,31075
Utah,Daggett,49009
Texas,Kent,48263
Nebraska,Loup,31115
Nebraska,Thomas,31171
Alaska,Yakutat,02282
Nebraska,Arthur,31005
Nebraska,McPherson,31117
Montana,Petroleum,30069
Nebraska,Blaine,31009
Texas,King,48269
Texas,Kenedy,48261
Texas,Loving,48301
Hawaii,Kalawao,15005
